<?xml version="1.0" encoding="UTF-8"?>
<beans xmlns="http://www.springframework.org/schema/beans"
	xmlns:mvc="http://www.springframework.org/schema/mvc" xmlns:context="http://www.springframework.org/schema/context"
	xmlns:xsi="http://www.w3.org/2001/XMLSchema-instance"
	xsi:schemaLocation="
        http://www.springframework.org/schema/beans
        http://www.springframework.org/schema/beans/spring-beans.xsd
        http://www.springframework.org/schema/context
        http://www.springframework.org/schema/context/spring-context.xsd
        http://www.springframework.org/schema/mvc
        http://www.springframework.org/schema/mvc/spring-mvc.xsd">


	<!-- 组件扫描 -->
	<context:component-scan base-package="com.bug.crm.shiro" />


	<!--由spring直接管理安全管理对象 -->
	<bean id="securityManager" class="org.apache.shiro.web.mgt.DefaultWebSecurityManager">
		<!-- 注入访问数据库的realm对象 -->
		<property name="realm" ref="jdbcRealm" />
	</bean>

	<!-- 访问数据库的realm对象 -->
	<bean id="jdbcRealm" class="com.bug.crm.shiro.CRMJdbcRealm">
		<!-- 给realm取个名字 -->
		<property name="name" value="jdbcRealm" />
		<!-- 处理加密 -->
		<property name="credentialsMatcher">
			<bean class="org.apache.shiro.authc.credential.HashedCredentialsMatcher">
				<!-- md5算法 -->
				<property name="hashAlgorithmName" value="MD5" />
				<!-- 加密次数 -->
				<property name="hashIterations" value="666" />
			</bean>
		</property>
	</bean>

	<!-- 自动销毁shiro生命周期对象 -->
	<bean id="lifecycleBeanPostProcessor" class="org.apache.shiro.spring.LifecycleBeanPostProcessor" />

	<!-- 配置下面2个bean，才能保证lifecycleBeanPostProcessor可以使用 -->
	<bean
		class="org.springframework.aop.framework.autoproxy.DefaultAdvisorAutoProxyCreator"
		depends-on="lifecycleBeanPostProcessor" />
	<bean
		class="org.apache.shiro.spring.security.interceptor.AuthorizationAttributeSourceAdvisor">
		<property name="securityManager" ref="securityManager" />
	</bean>

	<!-- 和web.xml:<filter-name>shiroFilter</filter-name>对应 -->
	<bean id="shiroFilter" class="org.apache.shiro.spring.web.ShiroFilterFactoryBean">
		<property name="securityManager" ref="securityManager" />
		<!-- 登录地址 -->
		<property name="loginUrl" value="/login" />
		<!-- 登录成功之后自动跳转 -->
		<property name="successUrl" value="/main/list" />
		<!-- 授权失败的页面 -->
		<property name="unauthorizedUrl" value="/unauthorized.jsp" />
		<!-- <property name="filterChainDefinitions"> -->
		<!-- anon表示可以匿名访问，不需要认证，也不需要授权 -->
		<!-- authc需要认证之后才能访问 -->
		<!-- <value> -->
		<!-- /login=anon -->
		<!-- /static/**=anon -->
		<!-- /department/list=perms[department:*] -->
		<!-- /**=authc -->
		<!-- </value> -->
		<!-- </property> -->
		<!-- 动态获取 -->
		<property name="filterChainDefinitionMap" ref="buiderMethod" />
		
		
		<property name="filters">
			<map>
				<entry key="CRMPerms">
					<bean
						class="com.bug.crm.util.CRMPermissionsAuthorizationFilter" />
				</entry>
			</map>
		</property>
	</bean>

	<!-- 当前的bean：引用工厂bean的工厂方法获取的方法就是当前的bean返回值 -->
	<bean id="buiderMethod" factory-bean="mapBuilder" factory-method="buider" />
	<!-- 普通的bean==工厂bean -->
	<bean id="mapBuilder" class="com.bug.crm.shiro.FilterChainDefinitionsMapBuilder" />
</beans>
