<?xml version="1.0" encoding="UTF-8"?>
<beans xmlns="http://www.springframework.org/schema/beans"
	xmlns:mvc="http://www.springframework.org/schema/mvc" xmlns:context="http://www.springframework.org/schema/context"
	xmlns:xsi="http://www.w3.org/2001/XMLSchema-instance"
	xsi:schemaLocation="
        http://www.springframework.org/schema/beans
        http://www.springframework.org/schema/beans/spring-beans.xsd
        http://www.springframework.org/schema/context
        http://www.springframework.org/schema/context/spring-context.xsd
        http://www.springframework.org/schema/mvc
        http://www.springframework.org/schema/mvc/spring-mvc.xsd">

	<context:component-scan base-package="com.bug.crm.controller" />

	<!-- 对全注解的支持 -->
	<mvc:annotation-driven>
		<mvc:message-converters>
			<!-- json属性设置 -->
			<bean
				class="org.springframework.http.converter.json.MappingJackson2HttpMessageConverter">
				<property name="objectMapper">
					<bean class="com.fasterxml.jackson.databind.ObjectMapper">
						<property name="serializationInclusion">
							<!-- 为null字段时不显示 -->
							<value type="com.fasterxml.jackson.annotation.JsonInclude.Include">NON_NULL</value>
						</property>
					</bean>
				</property>
			</bean>
		</mvc:message-converters>
	</mvc:annotation-driven>
	<!-- 开启默认的控制器,支持静态资源的访问 -->
	<mvc:default-servlet-handler />

	<!-- ViewResolver 视图解析器 (struts2视图类型类似) -->
	<bean
		class="org.springframework.web.servlet.view.InternalResourceViewResolver">
		<!-- 设置视图路径的前后缀，该配置可以让我们写视图路径的时候更简单。 -->
		<!-- 希望跳转jsp是[/WEB-INF/views/前缀][xxx变量][.jsp后缀] -->
		<!-- * @see #setPrefix -->
		<property name="prefix" value="/WEB-INF/views/" />
		<!-- * @see #setSuffix -->
		<property name="suffix" value=".jsp" />
	</bean>

	<!-- 错误：提示告诉开发者你没有配置文件上传解析器。 -->
	<bean id="multipartResolver"
		class="org.springframework.web.multipart.commons.CommonsMultipartResolver">
		<!-- 设置上传文件的最大尺寸为1MB -->
		<property name="maxUploadSize">
			<value>1048576</value>
		</property>
	</bean>
</beans>