<?xml version="1.0" encoding="UTF-8"?>
<beans xmlns="http://www.springframework.org/schema/beans"
	xmlns:xsi="http://www.w3.org/2001/XMLSchema-instance" xmlns:context="http://www.springframework.org/schema/context"
	xmlns:tx="http://www.springframework.org/schema/tx" xmlns:aop="http://www.springframework.org/schema/aop"

	xsi:schemaLocation="
 http://www.springframework.org/schema/beans
 http://www.springframework.org/schema/beans/spring-beans.xsd
 http://www.springframework.org/schema/tx
 http://www.springframework.org/schema/tx/spring-tx.xsd
 http://www.springframework.org/schema/aop
 http://www.springframework.org/schema/aop/spring-aop.xsd
 http://www.springframework.org/schema/context
 http://www.springframework.org/schema/context/spring-context.xsd

 ">
	<!-- 注入顺序:jdbc.properties->dataSource->sqlSessionFactory->mapper(dao)->service->junit->controller(action) -->
	<!-- 支持注解aop -->
	<aop:aspectj-autoproxy />

	<import resource="classpath:applicationContext-shiro.xml" />
	<!-- 扫描dao、service、action组件 -->
	<!-- 可以处理@Repository, @Service, and @Controller,@Autowired,@PersistenceContext注解 -->
	<context:component-scan base-package="com.bug.crm.service" />

	<context:property-placeholder location="classpath:jdbc.properties" />
	<!-- 数据源,连接池 -->
	<bean id="dataSource" destroy-method="close"
		class="org.apache.commons.dbcp.BasicDataSource">
		<property name="driverClassName" value="${jdbc.driverClassName}" />
		<property name="url" value="${jdbc.url}" />
		<property name="username" value="${jdbc.username}" />
		<property name="password" value="${jdbc.password}" />

		<!--maxActive: 最大连接数量 -->
		<property name="maxActive" value="150" />
		<!--minIdle: 最小空闲连接 -->
		<property name="minIdle" value="5" />
		<!--maxIdle: 最大空闲连接 -->
		<property name="maxIdle" value="20" />
		<!--initialSize: 初始化连接 -->
		<property name="initialSize" value="30" />
		<!-- 用来配置数据库断开后自动连接的 -->
		<!-- 连接被泄露时是否打印 -->
		<property name="logAbandoned" value="true" />
		<!--removeAbandoned: 是否自动回收超时连接 -->
		<property name="removeAbandoned" value="true" />
		<!--removeAbandonedTimeout: 超时时间(以秒数为单位) -->
		<property name="removeAbandonedTimeout" value="10" />
		<!--maxWait: 超时等待时间以毫秒为单位 1000等于60秒 -->
		<property name="maxWait" value="1000" />
		<!-- 在空闲连接回收器线程运行期间休眠的时间值,以毫秒为单位. -->
		<property name="timeBetweenEvictionRunsMillis" value="10000" />
		<!-- 在每次空闲连接回收器线程(如果有)运行时检查的连接数量 -->
		<property name="numTestsPerEvictionRun" value="10" />
		<!-- 1000 * 60 * 30 连接在池中保持空闲而不被空闲连接回收器线程 -->
		<property name="minEvictableIdleTimeMillis" value="10000" />
		<property name="validationQuery" value="SELECT NOW() FROM DUAL" />
	</bean>

	<!-- 配置sqlSessionFactory -->
	<bean id="sqlSessionFactory" class="org.mybatis.spring.SqlSessionFactoryBean">
		<property name="dataSource" ref="dataSource" />
		<!-- 配置mybatis 类型别名 -->
		<property name="typeAliasesPackage" value="com.bug.crm.domain,com.bug.crm.query" />
		<!-- 配置mybatis (mapper)映射器路径 映射文件 -->
		<property name="mapperLocations" value="classpath:com/bug/crm/mapper/*Mapper.xml" />
		<property name="configurationProperties">
			<value>
				<!--开启二级缓存，默认就是true就是开启 -->
				cacheEnabled=true
			</value>
		</property>
	</bean>

	<!-- 告诉spring生成ProductMapper的代理对象 -->
	<!-- 获取Mapper的方式1 -->
	<!-- <bean id="productMapper" class="org.mybatis.spring.mapper.MapperFactoryBean"> 
		<property name="mapperInterface" value="com.bug.crm.mapper.ProductMapper" 
		/> <property name="sqlSessionFactory" ref="sqlSessionFactory" /> </bean> -->

	<!-- 获取Mapper的方式2一劳永逸 扫描mapper -->
	<bean class="org.mybatis.spring.mapper.MapperScannerConfigurer">
		<property name="basePackage" value="com.bug.crm.mapper"></property>
	</bean>


	<!-- 配置声明式事务管理 -->
	<!-- 分成2种：一种xml，一种是注解 -->
	<!-- 1.事务管理器类似于TxManager -->
	<!-- DataSourceTransactionManager不管是否使用jdbc还是使用mybatis都是这个类管理事务 -->
	<bean id="transactionManager"
		class="org.springframework.jdbc.datasource.DataSourceTransactionManager">
		<property name="dataSource" ref="dataSource" />
	</bean>
	<!-- 文件上传解析器 -->
	<bean id="multipartResolver"
		class="org.springframework.web.multipart.commons.CommonsMultipartResolver">
		<!-- 设置上传文件的最大尺寸为100MB -->
		<property name="maxUploadSize">
			<!-- spring el写法：5MB -->
			<value>#{1024*1024*100}</value>
		</property>
	</bean>

	<!-- 2.开启注解事务:解析@Transactional注解 -->
	<tx:annotation-driven transaction-manager="transactionManager" />
	<!-- transaction-manager="transactionManager"默认找bean.id=transactionManager事务管理器 -->
	<!-- 注解aop -->
	<aop:aspectj-autoproxy proxy-target-class="true" />
</beans>
