<?xml version="1.0" encoding="UTF-8"?>
<!DOCTYPE mapper PUBLIC "-//mybatis.org//DTD Mapper 3.0//EN" 
"http://mybatis.org/dtd/mybatis-3-mapper.dtd">

<mapper namespace="com.bug.crm.mapper.ContractItemMapper">
	<insert id="save" parameterType="ContractItem" useGeneratedKeys="true"
		keyProperty="id">
		insert into
		t_contract_item(money,payTime,scale,isPayment,contract_id)
		values(#{money},#{payTime},#{scale},#{isPayment},#{contract.id})
	</insert>

	<update id="update" parameterType="ContractItem">
		update t_contract_item set
		money=#{money},payTime=#{payTime},scale=#{scale},isPayment=#{isPayment},contract_id=#{contract.id}
		where id=#{id}
	</update>

	<delete id="delete" parameterType="long">
		delete from t_contract_item
		where
		id =
		#{id}
	</delete>
	
	<delete id="deleteAll" parameterType="long">
		delete from t_contract_item where
		id in
		<foreach collection="array" index="index" open="(" item="ids"
			separator="," close=")">
			${ids}
		</foreach>         <!--拼接出(1,2)效果 -->

	</delete>

	<select id="get" parameterType="long" resultType="ContractItem">
		select
		* from
		t_contract_item where id=#{id}
	</select>

	<select id="getAll" resultType="ContractItem">
		select * from
		t_contract_item
	</select>

	<!-- 查询一分为二,count查询和limit查询 -->
	<!-- count查询 -->
	<select id="findTotalByQuery" resultType="int" parameterType="ContractItemQuery">
		select count(o.id) from t_contract_item o
	</select>

	<!-- limit查询 -->
	<select id="findLimitByQuery" resultMap="contractItemResultMap"
		parameterType="ContractItemQuery">
		<!-- sn,signTime,intro,sum,customer_id,seller_id -->
		select o.id,o.money,o.payTime,o.scale,o.isPayment,c.id cid
		from
		t_contract_item o
		LEFT JOIN t_contract c on o.contract_id=c.id
		<include refid="whereSql" />
		order by ${sort} ${order}
		limit
		#{begin},#{end}
	</select>

	<!-- 查询结果:复杂对象 -->
	<resultMap type="ContractItem" id="contractItemResultMap">
		<!-- 先处理多方合同明细 -->
		<id property="id" column="id" />
		<result property="money" column="money" />
		<result property="payTime" column="payTime" />
		<result property="scale" column="scale" />
		<result property="isPayment" column="isPayment" />
		<!-- 后处理一方 合同 -->
		<association property="contract" javaType="Contract">
			<id property="id" column="cid" />
		</association>
	</resultMap>

	<sql id="whereSql">
		<where>
			<if test="q!=null and q!=''">
				and (o.sn like concat('%',#{q},'%'))
			</if>
			<if test="contractId!=null">
				and o.contract_id=#{contractId}
			</if>
		</where>
	</sql>

</mapper> 