<?xml version="1.0" encoding="UTF-8"?>
<!DOCTYPE mapper PUBLIC "-//mybatis.org//DTD Mapper 3.0//EN" 
"http://mybatis.org/dtd/mybatis-3-mapper.dtd">

<mapper namespace="com.bug.crm.mapper.ContractMapper">
	<insert id="save" parameterType="Contract" useGeneratedKeys="true"
		keyProperty="id">
		insert into
		t_contract(sn,signTime,intro,sum,customer_id,seller_id)
		values(#{sn},#{signTime},#{intro},#{sum},#{customer.id},#{seller.id})
	</insert>

	<update id="update" parameterType="Contract">
		update t_contract set
		sn=#{sn},signTime=#{signTime},intro=#{intro},sum=#{sum},customer_id=#{customer.id},seller_id=#{seller.id}
		where id=#{id}
	</update>

	<delete id="delete" parameterType="long">
		delete from t_contract where
		id =
		#{id}
	</delete>

	<select id="get" parameterType="long" resultType="Contract">
		select
		* from
		t_contract where id=#{id}
	</select>

	<select id="getAll" resultType="Contract">
		select * from
		t_contract
	</select>

	<!-- 查询一分为二,count查询和limit查询 -->
	<!-- count查询 -->
	<select id="findTotalByQuery" resultType="int" parameterType="ContractQuery">
		select count(o.id) from t_contract o
		<include refid="whereSql" />
	</select>

	<!-- limit查询 -->
	<select id="findLimitByQuery" resultMap="contractResultMap"
		parameterType="ContractQuery">
		<!-- sn,signTime,intro,sum,customer_id,seller_id -->
		select o.id,o.sn,o.signTime,o.intro,o.sum,c.id cid,c.name cname,e.id
		eid,e.realName
		from t_contract o
		LEFT JOIN t_customer c on
		o.customer_id=c.id
		LEFT JOIN t_employee e on o.seller_id=e.id
		<include refid="whereSql" />
		order by ${sort} ${order}
		limit
		#{begin},#{end}
	</select>

	<!-- 查询结果:复杂对象 -->
	<resultMap type="Contract" id="contractResultMap">
		<!-- 先处理一方订单 -->
		<id property="id" column="id" />
		<result property="sn" column="sn" />
		<result property="signTime" column="signTime" />
		<result property="intro" column="intro" />
		<result property="sum" column="sum" />
		<!-- 后处理多方 对应客户 -->
		<association property="customer" javaType="Customer">
			<id property="id" column="cid" />
			<result property="name" column="cname" />
		</association>
		<!-- 后处理多方 对应营销人员 -->
		<association property="seller" javaType="Employee">
			<id property="id" column="eid" />
			<result property="realName" column="realName" />
		</association>
		<!-- 处理多方 合同明细  多方类型为集合 javaType为list可以不写 -->
	</resultMap>
	
	<sql id="whereSql">
		<where>
			<!-- 所有的查询条件都要加上o. -->
			<!--简单查询,包括sn编号和intro摘要 -->
			<if test="q!=null and q!=''">
				and (o.intro like concat('%',#{q},'%') or o.sn like
				concat('%',#{q},'%'))
			</if>
			<if test="sum!=null and sum!=''">
				and sum like concat('%',#{sum},'%')
			</if>
			<if test="beginTime!=null">
				and o.signTime&gt;=#{beginTime}
			</if>
			<if test="endTime!=null">
				and o.signTime&lt;=#{endTime}
			</if>
				<!-- 用于高级查询 -->
			<if test="sellerId!=null">
				and o.seller_id=#{sellerId}
			</if>
			<if test="customerId!=null">
				and o.customer_id=#{customerId}
			</if>
		</where>
	</sql>
</mapper> 