<?xml version="1.0" encoding="UTF-8"?>
<!DOCTYPE mapper PUBLIC "-//mybatis.org//DTD Mapper 3.0//EN" 
"http://mybatis.org/dtd/mybatis-3-mapper.dtd">

<!-- 潜在客户发展计划 -->
<mapper namespace="com.bug.crm.mapper.CustomerDevPlanMapper">
	<insert id="save" parameterType="customerDevPlan"
		useGeneratedKeys="true" keyProperty="id">
		insert into
		t_customer_dev_plan(planTime,planSubject,planDetails,inputTime,planType_id,inputUser_id,potentialCustomer_id)
		values(#{planTime},#{planSubject},#{planDetails},#{inputTime},#{planType.id},#{inputUser.id},#{potentialCustomer.id})
	</insert>

	<update id="update" parameterType="customerDevPlan">
		update t_customer_dev_plan set
		planTime=#{planTime},planSubject=#{planSubject},planDetails=#{planDetails},inputTime=#{inputTime},planType_id=#{planType.id},inputUser_id=#{inputUser.id},potentialCustomer_id=#{potentialCustomer.id}
		where id=#{id}
	</update>
	<delete id="deleteAll" parameterType="long">
		delete from
		t_customer_dev_plan where
		id in
		<foreach collection="array" index="index" open="(" item="ids"
			separator="," close=")">
			${ids}
		</foreach>         <!--拼接出(1,2)效果 -->

	</delete>

	<select id="get" parameterType="long" resultType="customerDevPlan">
		select
		* from
		t_customer_dev_plan where id=#{id}
	</select>

	<select id="getAll" resultType="customerDevPlan">
		select * from
		t_customer_dev_plan
	</select>

	<!-- 分页 -->
	<!-- count -->
	<select id="findTotalByQuery" resultType="int">
		select count(*) from
		t_customer_dev_plan o
		LEFT JOIN t_employee e
		ON
		e.id=o.inputUser_id
		LEFT
		JOIN t_potential_customer p
		ON
		p.id=o.potentialCustomer_id
		LEFT JOIN
		t_system_dictionary_item s
		ON
		s.id=o.planType_id
		<include refid="whereSql" />
	</select>

	<!-- limit -->
	<select id="findLimitByQuery" resultMap="listMap" parameterType="customerDevPlanQuery">
		SELECT
		o.id,o.planTime,o.planSubject,o.planDetails,o.inputTime,p.id
		pid,p.name pname,e.id eid,e.username ename,s.id sid,s.name sname
		FROM
		t_customer_dev_plan o
		LEFT JOIN t_employee e
		ON e.id=o.inputUser_id
		LEFT
		JOIN t_potential_customer p
		ON p.id=o.potentialCustomer_id
		LEFT JOIN
		t_system_dictionary_item s
		ON s.id=o.planType_id
		<include refid="whereSql" />
		order by ${sort} ${order}
		limit
		#{begin},#{end}
	</select>

	<resultMap type="customerDevPlan" id="listMap">
		<id column="id" property="id" />
		<result column="planTime" property="planTime" />
		<result column="planSubject" property="planSubject" />
		<result column="planDetails" property="planDetails" />
		<result column="inputTime" property="inputTime" />

		<!-- 潜在客户客户名 -->
		<association property="potentialCustomer" javaType="PotentialCustomer">
			<id column="pid" property="id" />
			<result column="pname" property="name" />
		</association>

		<!-- 录入人员 -->
		<association property="inputUser" javaType="employee">
			<id column="eid" property="id" />
			<result column="ename" property="username" />
		</association>
		<!-- 计划实施方式数据字典 -->
		<association property="planType" javaType="systemDictionaryItem">
			<id column="sid" property="id" />
			<result column="sname" property="name" />
		</association>

	</resultMap>
	<!-- 获取所有计划实施方式 -->
	<select id="findSystemDictionaryItemByParent" parameterType="string"
		resultType="systemDictionaryItem">
		select o.id,o.name
		from t_system_dictionary_item o
		JOIN
		t_system_dictionary d ON
		o.parent_id = d.id
		WHERE d.`name`=#{typeName}
	</select>

	<sql id="whereSql">
		<where>
			<!-- 所有的查询条件都要加上o. -->
			<!--简单查询 -->
			<if test="q!=null and q!=''">
				and (o.planSubject like concat('%',#{q},'%') or
				o.planDetails like
				concat('%',#{q},'%') or
				p.name like
				concat('%',#{q},'%') or
				e.username like concat('%',#{q},'%')
				)
			</if>
			<if test="beginTime!=null">
				and o.inputTime&gt;=#{beginTime}
			</if>
			<if test="endTime!=null">
				and o.inputTime&lt;=#{endTime}
			</if>

			<!-- 用于高级查询 -->
			<if test="planTpyeId!=null ">
				and o.planType_id=#{planTpyeId}
			</if>
			<if test="potentialCustomerId!=null">
				and o.potentialCustomer_id=#{potentialCustomerId}
			</if>
			<if test="inputUserId!=null">
				and o.inputUser_id=#{inputUserId}
			</if>

		</where>
	</sql>


</mapper> 