<?xml version="1.0" encoding="UTF-8"?>
<!DOCTYPE mapper PUBLIC "-//mybatis.org//DTD Mapper 3.0//EN" 
"http://mybatis.org/dtd/mybatis-3-mapper.dtd">

<!-- 客户信息管理 -->
<mapper namespace="com.bug.crm.mapper.CustomerTransferMapper">
	<insert id="save" parameterType="cutomerTransfer"
		useGeneratedKeys="true" keyProperty="id">
		insert into
		t_cutomer_transfer(transTime,transReason,customer_id,transUser_id,oldSeller_id,newSeller_id)
		values(#{transTime},#{transReason},#{customer.id},#{transUser.id},#{oldSeller.id},#{newSeller.id})
	</insert>

	<update id="update" parameterType="cutomerTransfer">
		update t_cutomer_transfer set
		transTime=#{transTime},transReason=#{transReason},customer_id=#{customer.id},transUser_id=#{transUser.id},oldSeller_id=#{oldSeller.id},newSeller_id=#{newSeller.id}
		where id=#{id}
	</update>

	<delete id="deleteAll" parameterType="long">
		delete from t_cutomer_transfer
		where
		id in
		<foreach collection="array" index="index" open="(" item="ids"
			separator="," close=")">
			${ids}
		</foreach>         <!--拼接出(1,2)效果 -->

	</delete>

	<select id="get" parameterType="long" resultType="cutomerTransfer">
		select
		* from
		t_cutomer_transfer where id=#{id}
	</select>

	<select id="getAll" resultType="cutomerTransfer">
		select * from
		t_cutomer_transfer
	</select>


	<!-- 分页 -->
	<!-- count -->
	<select id="findTotalByQuery" resultType="int">
		select count(*) from
		t_cutomer_transfer o
		LEFT JOIN t_employee e1
		ON o.transUser_id=e1.id
		LEFT JOIN t_employee e2
		ON o.oldSeller_id=e2.id
		LEFT JOIN t_employee e3
		ON o.newSeller_id=e3.id
		LEFT JOIN t_customer c
		ON o.customer_id=c.id
		<include refid="whereSql" />
	</select>

	<!-- limit -->
	<select id="findLimitByQuery" resultMap="listMap" parameterType="cutomerTransferQuery">
		SELECT o.id ,o.transTime,o.transReason,e1.id eid1,e1.username ename1,e2.id
		eid2,e2.username ename2,e3.id eid3,e3.username ename3,c.id
		cid,c.`name` cname
		FROM t_cutomer_transfer o
		LEFT JOIN t_employee e1
		ON o.transUser_id=e1.id
		LEFT JOIN t_employee e2
		ON o.oldSeller_id=e2.id
		LEFT JOIN t_employee e3
		ON o.newSeller_id=e3.id
		LEFT JOIN t_customer c
		ON o.customer_id=c.id
		<include refid="whereSql" />
		order by ${sort} ${order}
		limit
		#{begin},#{end}
	</select>

	<resultMap type="cutomerTransfer" id="listMap">
		<id column="id" property="id" />
		<result column="transTime" property="transTime" />
		<result column="transReason" property="transReason" />

		<!-- 移交人员 -->
		<association property="transUser" javaType="employee">
			<id column="eid1" property="id" />
			<result column="ename1" property="username" />
		</association>
		<!-- 老市场专员 -->
		<association property="oldSeller" javaType="employee">
			<id column="eid2" property="id" />
			<result column="ename2" property="username" />
		</association>
		<!-- 新市场专员 -->
		<association property="newSeller" javaType="employee">
			<id column="eid3" property="id" />
			<result column="ename3" property="username" />
		</association>
		<!-- 移交客户 -->
		<association property="customer" javaType="customer">
			<id column="cid" property="id" />
			<result column="cname" property="name" />
		</association>

	</resultMap>
	<!-- 获取所有计划实施方式 -->
	<select id="findSystemDictionaryItemByParent" parameterType="string"
		resultType="systemDictionaryItem">
		select o.id,o.name
		from t_system_dictionary_item o
		JOIN
		t_system_dictionary d ON
		o.parent_id = d.id
		WHERE d.`name`=#{typeName}
	</select>
	
	<sql id="whereSql">
		<where>
			<!-- 所有的查询条件都要加上o. -->
			<!--简单查询 -->
			<if test="q!=null and q!=''">
				and (e1.username like concat('%',#{q},'%') or
				e2.username like
				concat('%',#{q},'%') or
				c.name like
				concat('%',#{q},'%') or
				e3.username like
				concat('%',#{q},'%')
				)
			</if>
			<if test="beginTime!=null">
				and o.transTime&gt;=#{beginTime}
			</if>
			<if test="endTime!=null">
				and o.transTime&lt;=#{endTime}
			</if>
			<!-- 用于高级查询 -->
			<if test="customerId!=null ">
				and o.customer_id=#{customerId}
			</if>
			<if test="transUserId!=null">
				and o.transUser_id=#{transUserId}
			</if>
			<if test="oldSellerId!=null">
				and o.oldSeller_id=#{oldSellerId}
			</if>
			<if test="newSellerId!=null">
				and o.newSeller_id=#{newSellerId}
			</if>

		</where>
		</sql>
</mapper> 