<?xml version="1.0" encoding="UTF-8"?>
<!DOCTYPE mapper PUBLIC "-//mybatis.org//DTD Mapper 3.0//EN" 
"http://mybatis.org/dtd/mybatis-3-mapper.dtd">

<!-- 客户信息管理 -->
<mapper namespace="com.bug.crm.mapper.CustomerMapper">
	<insert id="save" parameterType="customer" useGeneratedKeys="true"
		keyProperty="id">
		insert into
		t_customer(name,age,gender,tel,email,qq,wechat,inputTime,seller_id,job_id,salaryLevel_id,customerSource_id,inputUser_id,state)
		values(#{name},#{age},#{gender},#{tel},#{email},#{qq},#{wechat},#{inputTime},#{seller.id},#{job.id},#{salaryLevel.id},#{customerSource.id},#{inputUser.id},#{state})
	</insert>

	<update id="update" parameterType="customer">
		update t_customer set
		name=#{name},age=#{age},gender=#{gender},tel=#{tel},email=#{email},qq=#{qq},wechat=#{wechat},state=#{state},
		inputTime=#{inputTime},seller_id=#{seller.id},job_id=#{job.id},salaryLevel_id=#{salaryLevel.id},customerSource_id=#{customerSource.id},inputUser_id=#{inputUser.id}
		where id=#{id}
	</update>

	<delete id="deleteAll" parameterType="long">
		delete from t_customer where
		id in
		<foreach collection="array" index="index" open="(" item="ids"
			separator="," close=")">
			${ids}
		</foreach>         <!--拼接出(1,2)效果 -->

	</delete>


	<select id="get" parameterType="long" resultMap="listMap">
		SELECT o.id, o.name
		,o.age,o.gender,o.tel,o.inputTime,o.state,o.qq,o.wechat,o.email,e.id
		eid,e.username
		ename,
		s.id sid,s.`name` sname,sd.id sdid,sd.`name`
		sdname,em.id emid,em.username
		emname ,sdi.id sdiid,sdi.`name` sdiname
		from t_customer o
		LEFT JOIN t_employee e
		ON e.id=o.seller_id
		LEFT JOIN
		t_system_dictionary_item s
		ON s.id=o.job_id
		LEFT JOIN
		t_system_dictionary_item sd
		ON sd.id=o.customerSource_id
		LEFT JOIN
		t_employee em
		ON em.id=o.inputUser_id
		LEFT JOIN t_system_dictionary_item
		sdi
		ON sdi.id=o.salaryLevel_id 
		where o.id=#{id}
	</select>

	<select id="getAll" resultType="customer">
		select * from
		t_customer
	</select>
	<!-- 修改客户状态为资源池状态 -->
	<update id="putInPool" parameterType="long">
		update t_customer set state=-1 where
		id in
		<foreach collection="array" index="index" open="(" item="ids"
			separator="," close=")">
			${ids}
		</foreach>         <!--拼接出(1,2)效果 -->

	</update>
	<!-- 修改客户状态为正常状态 -->
	<update id="removePool" parameterType="long">
		update t_customer set state=0 where
		id in
		<foreach collection="array" index="index" open="(" item="ids"
			separator="," close=")">
			${ids}
		</foreach>         <!--拼接出(1,2)效果 -->

	</update>


	<!-- 分页 -->
	<!-- count -->
	<select id="findTotalByQuery" resultType="int">
		select count(*) from
		t_customer o
		LEFT JOIN t_employee e
		ON e.id=o.seller_id
		LEFT JOIN
		t_system_dictionary_item s
		ON s.id=o.job_id
		LEFT JOIN
		t_system_dictionary_item sd
		ON sd.id=o.customerSource_id
		LEFT JOIN
		t_employee em
		ON em.id=o.inputUser_id
		LEFT JOIN t_system_dictionary_item
		sdi
		ON sdi.id=o.salaryLevel_id
		<include refid="whereSql" />
	</select>

	<!-- limit -->
	<select id="findLimitByQuery" resultMap="listMap" parameterType="customerQuery">
		SELECT o.id, o.name
		,o.age,o.gender,o.tel,o.inputTime,o.state,o.qq,o.wechat,o.email,e.id
		eid,e.username
		ename,
		s.id sid,s.`name` sname,sd.id sdid,sd.`name`
		sdname,em.id emid,em.username
		emname ,sdi.id sdiid,sdi.`name` sdiname
		from t_customer o
		LEFT JOIN t_employee e
		ON e.id=o.seller_id
		LEFT JOIN
		t_system_dictionary_item s
		ON s.id=o.job_id
		LEFT JOIN
		t_system_dictionary_item sd
		ON sd.id=o.customerSource_id
		LEFT JOIN
		t_employee em
		ON em.id=o.inputUser_id
		LEFT JOIN t_system_dictionary_item
		sdi
		ON sdi.id=o.salaryLevel_id
		<include refid="whereSql" />
		order by ${sort} ${order}
		limit
		#{begin},#{end}
	</select>

	<resultMap type="customer" id="listMap">
		<id column="id" property="id" />
		<result column="name" property="name" />
		<result column="age" property="age" />
		<result column="gender" property="gender" />
		<result column="tel" property="tel" />
		<result column="inputTime" property="inputTime" />
		<result column="qq" property="qq" />
		<result column="wechat" property="wechat" />
		<result column="email" property="email" />
		<result column="state" property="state" />

		<!-- 潜在客户客户名 -->
		<association property="job" javaType="systemDictionaryItem">
			<id column="sid" property="id" />
			<result column="sname" property="name" />
		</association>
		<!-- 计划实施方式数据字典 -->
		<association property="salaryLevel" javaType="systemDictionaryItem">
			<id column="sdiid" property="id" />
			<result column="sdiname" property="name" />
		</association>
		<!-- 计划实施方式数据字典 -->
		<association property="customerSource" javaType="systemDictionaryItem">
			<id column="sdid" property="id" />
			<result column="sdname" property="name" />
		</association>

		<!-- 营销人员 -->
		<association property="seller" javaType="employee">
			<id column="eid" property="id" />
			<result column="ename" property="username" />
		</association>
		<!-- 录入人员 -->
		<association property="inputUser" javaType="employee">
			<id column="emid" property="id" />
			<result column="emname" property="username" />
		</association>

	</resultMap>
	<!-- 获取所有计划实施方式 -->
	<select id="findSystemDictionaryItemByParent" parameterType="string"
		resultType="systemDictionaryItem">
		select o.id,o.name
		from t_system_dictionary_item o
		JOIN
		t_system_dictionary d ON
		o.parent_id = d.id
		WHERE d.`name`=#{typeName}
	</select>

	<!-- 报表数据查询 -->
	<select id="highChart" resultMap="highChartResultMap">
		select count(o.id) oc,IFNULL(s.name,'其他') sname  
		from t_customer o 
		left JOIN t_system_dictionary_item s on o.job_id=s.id
		GROUP BY job_id
	</select>
	
	<resultMap type="hashmap" id="highChartResultMap">
		<result property="name" column="sname"/>
		<result property="y" column="oc"/>
	</resultMap>

	<sql id="whereSql">
		<where>
			<!-- 所有的查询条件都要加上o. -->
			<!-- 查询条件中有sign标记,表示查询资源池 -->
			<if test="sign!=null">
				and o.state=-1
			</if>
			<if test="sign==null">
				and (o.state IS NULL||o.state!= -1)
			</if>
			<if test="q!=null and q!=''">
				and (o.name like concat('%',#{q},'%') or
				o.age like
				concat('%',#{q},'%') or
				o.wechat like
				concat('%',#{q},'%') or
				o.qq like
				concat('%',#{q},'%')
				)
			</if>
			<if test="beginTime!=null">
				and o.inputTime&gt;=#{beginTime}
			</if>
			<if test="endTime!=null">
				and o.inputTime&lt;=#{endTime}
			</if>
			<!-- 用于高级查询 -->
			<if test="gender!=null ">
				and o.gender=#{gender}
			</if>
			<if test="jobId!=null">
				and o.job_id=#{jobId}
			</if>
			<if test="salaryLevelId!=null">
				and o.salaryLevel_id=#{salaryLevelId}
			</if>
			<if test="customerSourceId!=null">
				and o.customerSource_id=#{customerSourceId}
			</if>
			<if test="sellerId!=null">
				and o.seller_id=#{sellerId}
			</if>
			<if test="inputUserId!=null">
				and o.inputUser_id=#{inputUserId}
			</if>
			<if test="isAdmin!=null and isAdmin==false">
				and o.seller_id=#{userId}
			</if>
			

		</where>
	</sql>
</mapper> 