<?xml version="1.0" encoding="UTF-8"?>
<!DOCTYPE mapper PUBLIC "-//mybatis.org//DTD Mapper 3.0//EN" 
"http://mybatis.org/dtd/mybatis-3-mapper.dtd">


<mapper namespace="com.bug.crm.mapper.CustomerTraceHistoryMapper">
	<insert id="save" parameterType="customerTraceHistory"
		useGeneratedKeys="true" keyProperty="id">
		insert into
		t_customer_trace_history(traceTime,traceResult,title,remark,customer_id,traceUser_id,traceType_id)
		values(#{traceTime},#{traceResult},#{title},#{remark},#{customer.id},#{traceUser.id},#{traceType.id})
	</insert>

	<update id="update" parameterType="customerTraceHistory">
		update
		t_customer_trace_history set
		traceTime=#{traceTime},traceResult=#{traceResult},title=#{title},remark=#{remark},customer_id=#{customer.id},traceUser_id=#{traceUser.id},traceType_id=#{traceType.id}
		where id=#{id}
	</update>
	
	<delete id="deleteAll" parameterType="long">
		delete from
		t_customer_trace_history where
		id in
		<foreach collection="array" index="index" open="(" item="ids"
			separator="," close=")">
			${ids}
		</foreach>         <!--拼接出(1,2)效果 -->

	</delete>

	<select id="get" parameterType="long" resultType="customerTraceHistory">
		select
		* from
		t_customer_trace_history where
		id=#{id}
	</select>

	<select id="getAll" resultType="customerTraceHistory">
		select * from
		t_customer_trace_history
	</select>



	<!-- 分页 -->
	<!-- count -->
	<select id="findTotalByQuery" resultType="int">
		select count(*) from
		t_customer_trace_history o
		LEFT JOIN t_customer c
		ON c.id=o.customer_id
		LEFT JOIN t_employee e
		ON e.id=o.traceUser_id
		LEFT JOIN
		t_system_dictionary_item t
		ON t.id=o.traceType_id
		<include refid="whereSql" />
		
	</select>

	<!-- limit -->
	<select id="findLimitByQuery" resultMap="listMap"
		parameterType="customerTraceHistoryQuery">
		SELECT
		o.id,o.traceTime,o.traceResult,o.title,o.remark,c.id
		cid,c.`name`
		cname,e.id eid,e.username ename,t.id tid,t.`name` tname
		FROM
		t_customer_trace_history o
		LEFT JOIN t_customer c
		ON
		c.id=o.customer_id
		LEFT JOIN t_employee e
		ON e.id=o.traceUser_id
		LEFT
		JOIN
		t_system_dictionary_item t
		ON t.id=o.traceType_id
		<include refid="whereSql" />
		order by ${sort} ${order}
		limit
		#{begin},#{end}
	</select>

	<resultMap type="customerTraceHistory" id="listMap">
		<id column="id" property="id" />
		<result column="traceTime" property="traceTime" />
		<result column="traceResult" property="traceResult" />
		<result column="title" property="title" />
		<result column="remark" property="remark" />

		<!-- 跟进客户 -->
		<association property="customer" javaType="customer">
			<id column="cid" property="id" />
			<result column="cname" property="name" />
		</association>
		<!--跟进人 -->
		<association property="traceUser" javaType="employee">
			<id column="eid" property="id" />
			<result column="ename" property="username" />
		</association>
		<!-- 跟进方式 -->
		<association property="traceType" javaType="systemDictionaryItem">
			<id column="tid" property="id" />
			<result column="tname" property="name" />
		</association>

	</resultMap>
	<!-- 获取所有计划实施方式 -->
	<select id="findSystemDictionaryItemByParent" parameterType="string"
		resultType="systemDictionaryItem">
		select o.id,o.name
		from t_system_dictionary_item o
		JOIN
		t_system_dictionary d ON
		o.parent_id = d.id
		WHERE d.`name`=#{typeName}
	</select>

	<sql id="whereSql">
		<where>
			<!-- 所有的查询条件都要加上o. -->
			<!--简单查询 -->
			<if test="q!=null and q!=''">
				and (o.remark like concat('%',#{q},'%') or
				o.title like
				concat('%',#{q},'%') or
				c.name like
				concat('%',#{q},'%')
				)
			</if>
			<if test="beginTime!=null">
				and o.traceTime&gt;=#{beginTime}
			</if>
			<if test="endTime!=null">
				and o.traceTime&lt;=#{endTime}
			</if>

			<!-- 用于高级查询 -->
			<if test="traceResult!=null ">
				and o.traceResult=#{traceResult}
			</if>
			<if test="traceTypeId!=null">
				and o.traceType_id=#{traceTypeId}
			</if>
			<if test="customerId!=null">
				and o.customer_id=#{customerId}
			</if>
			<if test="traceUserId!=null">
				and o.traceUser_id=#{traceUserId}
			</if>

		</where>
	</sql>
</mapper> 