<?xml version="1.0" encoding="UTF-8"?>
<!DOCTYPE mapper PUBLIC "-//mybatis.org//DTD Mapper 3.0//EN" 
"http://mybatis.org/dtd/mybatis-3-mapper.dtd">


<mapper namespace="com.bug.crm.mapper.DepartmentMapper">
	<insert id="save" parameterType="Department" useGeneratedKeys="true"
		keyProperty="id">
		
		insert into t_department(name,sn,dirPath,state,manager_id,parent_id)
		values(#{name},#{sn},#{dirPath},#{state},#{manager.id},#{parent.id})
	</insert>
	
	<update id="update" parameterType="Department">
		update t_department set
		name=#{name},sn=#{sn},dirPath=#{dirPath},state=#{state},manager_id=#{manager.id},parent_id=#{parent.id} where id=#{id}
	</update>

	<delete id="delete" parameterType="long">
		delete from t_department where
		id =
		#{id}
	</delete>

	<select id="get" parameterType="long" resultType="Department">
		select
		* from
		t_department where id=#{id}
	</select>

	<select id="getAll" resultType="Department">
		select * from
		t_department
	</select>
	
	<delete id="deleteAll" parameterType="long">
		delete from t_department where
		id in
		<foreach collection="array" index="index" open="(" item="ids"
			separator="," close=")">
			${ids}
		</foreach>         <!--拼接出(1,2)效果 -->

	</delete>
	
	<!-- 查询一分为二,count查询和limit查询 -->
	<select id="findTotalByQuery" resultType="int" parameterType="DepartmentQuery">
		select count(*) from t_department
	</select>

	<select id="findLimitByQuery" resultMap="departmentResultMap"
		parameterType="DepartmentQuery">
		select o.id, o.sn, o.name, o.dirPath, o.state, c.id
		cid,c.name cname,m.id
		eid,m.realName,p.id pid,p.name pname
		from
		t_department o
		LEFT JOIN t_department p on o.parent_id=p.id
		LEFT JOIN
		t_employee m on o.manager_id=m.id
		LEFT JOIN t_department c on
		o.children_id=c.id
		<include refid="whereSql" />
		limit
		#{begin},#{end}
	</select>
	<!-- 公共查询条件 -->
	<sql id="whereSql">
		<where>
			<if test="q!=null and q!=''">
				and (o.name like concat('%',#{q},'%') or o.sn like concat('%',#{q},'%') or o.id like concat('%',#{q},'%'))
			</if>
			<if test="dirPath!=null">
				and o.dirPath like concat('%',#{dirPath},'%')
			</if>
			<if test="managerId!=null">
				and o.manager_id=#{managerId}
			</if>
			<if test="parentId!=null">
				and o.parent_id=#{parentId}
			</if>
			<if test="state!=null">
				and o.state=#{state}
			</if>
		</where>
	</sql>

	<resultMap type="Department" id="departmentResultMap">
		<!-- 先处理多方 部门 -->
		<id property="id" column="id" />
		<result property="sn" column="sn" />
		<result property="name" column="name" />
		<result property="dirPath" column="dirPath" />
		<result property="state" column="state" />
		<!-- 后处理一方 上级部门 -->
		<association property="parent" javaType="Department">
			<id property="id" column="pid" />
			<result property="name" column="pname" />
		</association>
		<!-- 后处理一方 部门经理 -->
		<association property="manager" javaType="Employee">
			<id property="id" column="eid" />
			<result property="realName" column="realName" />
		</association>
	</resultMap>

	<select id="getTreeData" resultMap="treeResultMap">
		select p.id,p.name,c.id
		cid,c.name cname
		from t_department p
		LEFT JOIN t_department c on
		p.id=c.parent_id
		where p.parent_id is NULL
		order by p.id
	</select>

	<resultMap type="Department" id="treeResultMap">
		<!-- 先处理一方 -->
		<id property="id" column="id" />
		<result property="name" column="name" />
		<!-- 再处理多方  多方类型为集合 javaType为list可以不写-->
		<collection property="children" ofType="Department">
			<id property="id" column="cid" />
			<result property="name" column="cname" />
		</collection>
	</resultMap>

</mapper> 