<?xml version="1.0" encoding="UTF-8"?>
<!DOCTYPE mapper PUBLIC "-//mybatis.org//DTD Mapper 3.0//EN" 
"http://mybatis.org/dtd/mybatis-3-mapper.dtd">


<mapper namespace="com.bug.crm.mapper.EmployeeMapper">
	<insert id="save" parameterType="employee" useGeneratedKeys="true"
		keyProperty="id">
		insert into
		t_employee(username,password,realName,tel,email,inputTime,state,salt,department_id,roleid)
		values(#{username},#{password},#{realName},#{tel},#{email},#{inputTime},#{state},#{salt},#{department.id},#{roleid})
	</insert>

	<update id="update" parameterType="employee">
		update t_employee set
		username=#{username},password=#{password},realName=#{realName},tel=#{tel},email=#{email},inputTime=#{inputTime},state=#{state},salt=#{salt},department_id=#{department.id},roleid=#{roleid}
		where id=#{id}
	</update>

	<delete id="delete" parameterType="long">
		delete from t_employee where
		id =
		#{id}
	</delete>

	<select id="get" parameterType="long" resultType="employee">
		select
		* from
		t_employee where id=#{id}
	</select>

	<select id="getAll" resultType="employee">
		select * from
		t_employee
	</select>

	<!-- 查询一分为二,count查询和limit查询 -->
	<select id="findTotalByQuery" resultType="int" parameterType="EmployeeQuery">
		select count(*) from t_employee
	</select>

	<select id="findLimitByQuery" resultMap="roleResultMap"
		parameterType="EmployeeQuery">
		select o.*,d.id did,d.name
		from t_employee o
		left join t_department d
		on
		o.department_id = d.id
		<include refid="whereSql" />
		limit
		#{begin},#{end}
	</select>

	<resultMap type="Employee" id="roleResultMap">
		<!-- 先处理一方employee -->
		<id property="id" column="id" />
		<result property="username" column="username" />
		<result property="password" column="password" />
		<result property="realName" column="realName" />
		<result property="tel" column="tel" />
		<result property="email" column="email" />
		<result property="inputTime" column="inputTime" />
		<result property="state" column="state" />
		<result property="department" column="department_id" />

		<association property="department" javaType="Department">
			<id property="id" column="did" />
			<result property="name" column="name" />
		</association>
		<association property="roles" column="id"
			select="com.bug.crm.mapper.RoleMapper.findRoleById">
		</association>
	</resultMap>


	<select id="findMenusByUsername" resultMap="menuResultMap"
		parameterType="string">
		select DISTINCT pm.id,pm.name,pm.icon,c.id
		cid,c.name
		cname,c.icon cicon,c.url
		from t_employee e
		join t_employee_role er on
		er.employee_id=e.id
		join t_role r on
		er.role_id=r.id
		join
		t_role_permission rp on rp.role_id=r.id
		join t_permission p on
		rp.permission_id=p.id
		join t_system_menu c on
		c.id=p.menuId
		join
		t_system_menu pm
		on
		c.parent_id=pm.id
		where e.username=#{username}
		order
		by pm.id
	</select>

	<resultMap type="SystemMenu" id="menuResultMap">
		<!-- 先配置一方 -->
		<id property="id" column="id" />
		<result property="name" column="name" />
		<result property="iconCls" column="icon" />
		<!-- 在配置多方 -->
		<!-- // 子部门 children 集合属性,在数据库没有字段 -->
		<!-- private List<SystemMenu> children; -->
		<collection property="children" javaType="list" ofType="SystemMenu">
			<id property="id" column="cid" />
			<result property="name" column="cname" />
			<result property="url" column="url" />
			<result property="iconCls" column="cicon" />
		</collection>
	</resultMap>



	<insert id="saveEmployeeRole" parameterType="list">
		insert into t_employee_role(employee_id,role_id) values
		<foreach collection="list" item="item" separator=",">
			(#{item.employeeId},#{item.roleId})
		</foreach>
	</insert>




	<!-- 公共的查询条件 -->
	<sql id="whereSql">
		<where>
			<if test="q!=null and q!=''">
				and (o.username like concat('%',#{q},'%') or o.realName
				like concat('%',#{q},'%') or o.tel like
				concat('%',#{q},'%'))
			</if>
		</where>
	</sql>
</mapper> 