<?xml version="1.0" encoding="UTF-8"?>
<!DOCTYPE mapper PUBLIC "-//mybatis.org//DTD Mapper 3.0//EN" 
"http://mybatis.org/dtd/mybatis-3-mapper.dtd">


<mapper namespace="com.bug.crm.mapper.PermissionMapper">
	<cache />
	<insert id="save" parameterType="permission" useGeneratedKeys="true"
		keyProperty="id">
		insert into t_permission(name,resource,url,state,menuId)
		values(#{name},#{resource},#{url},#{state},#{menuId})
	</insert>

	<update id="update" parameterType="permission">
		update t_permission set
		name=#{name},resource=#{resource},url=#{url},state=#{state},menuId=#{menuId}
		where id=#{id}
	</update>

	<delete id="delete" parameterType="long">
		delete from t_permission where
		id =
		#{id}
	</delete>

	<select id="get" parameterType="long" resultType="permission">
		select
		name,url,resource,menuId,state from
		t_permission where id=#{id}
	</select>

	<select id="getAll" resultType="permission">
		select
		name,url,resource,menuId,state
		from
		t_permission
	</select>

	<!-- 查询一分为二,count查询和limit查询 -->
	<select id="findTotalByQuery" resultType="int" parameterType="PermissionQuery">
		select count(*) from t_permission
	</select>

	<select id="findLimitByQuery" resultType="Permission"
		parameterType="PermissionQuery">
		select *
		from t_permission
		<include refid="whereSql" />
		limit
		#{begin},#{end}
	</select>

	<!-- 额外添加的查询，由RoleMapper.xml调用,用来查询角色拥有的权限 -->
	<select id="findByRoleId" parameterType="long" resultType="Permission">
		select p.id,p.name,p.url,p.resource,p.state,p.menuId
		from t_permission
		p
		left join
		t_role_permission rp on rp.permission_id=p.id
		left join
		t_role r on
		r.id=rp.role_id
		where r.id=#{id}
	</select>

	<!-- 公共查询条件 -->
	<sql id="whereSql">
		<where>
			<if test="q!=null and q!=''">
				and (o.name like concat('%',#{q},'%'))
			</if>
		</where>
	</sql>
</mapper> 