<?xml version="1.0" encoding="UTF-8"?>
<!DOCTYPE mapper PUBLIC "-//mybatis.org//DTD Mapper 3.0//EN" 
"http://mybatis.org/dtd/mybatis-3-mapper.dtd">

<!-- 潜在客户信息管理 -->
<mapper namespace="com.bug.crm.mapper.PotentialCustomerMapper">
	<insert id="save" parameterType="potentialCustomer"
		useGeneratedKeys="true" keyProperty="id">
		insert into
		t_potential_customer(name,successRate,remark,linkMan,linkManTel,inputTime,customerSource_id)
		values(#{name},#{successRate},#{remark},#{linkMan},#{linkManTel},#{inputTime},#{customerSource.id})
	</insert>

	<update id="update" parameterType="potentialCustomer">
		update t_potential_customer
		set
		name=#{name},successRate=#{successRate},remark=#{remark},linkMan=#{linkMan},linkManTel=#{linkManTel},inputTime=#{inputTime},
		customerSource_id=#{customerSource.id}
		where id=#{id}
	</update>

	<delete id="delete" parameterType="long">
		delete from
		t_potential_customer where
		id =
		#{id}
	</delete>
	<!-- 批量删除 -->
	<delete id="deleteAll" parameterType="long">
		delete from
		t_potential_customer where
		id in
		<foreach collection="array" index="index" open="(" item="ids"
			separator="," close=")">
			${ids}
		</foreach>         <!--拼接出(1,2)效果 -->

	</delete>

	<select id="get" parameterType="long" resultType="potentialCustomer">
		select
		* from
		t_potential_customer where id=#{id}
	</select>

	<select id="getAll" resultType="potentialCustomer">
		select * from
		t_potential_customer
	</select>

	<!-- 列表查询 -->




	<!-- 分页 -->
	<!-- count -->
	<select id="findTotalByQuery" resultType="int"
		parameterType="potentialCustomerQuery">
		select count(*) from t_potential_customer o
		left join t_employee e ON
		o.inputUser_id = e.id
		left join
		t_system_dictionary_item d ON
		o.customerSource_id=d.id
		<include refid="whereSql" />
	</select>
	<!-- limit -->
	<select id="findLimitByQuery" resultMap="listMap" parameterType="potentialCustomerQuery">
		select
		o.id,o.name,o.successRate,o.remark,o.linkMan,o.linkManTel,o.inputTime,e.id
		eid,e.username ename,d.id did,d.name dname
		from t_potential_customer o
		left join t_employee e ON o.inputUser_id = e.id
		left join
		t_system_dictionary_item d ON o.customerSource_id=d.id
		<include refid="whereSql" />
		order by ${sort} ${order}
		limit
		#{begin},#{end}
	</select>
	<resultMap type="potentialCustomer" id="listMap">
		<id column="id" property="id" />
		<result column="name" property="name" />
		<result column="successRate" property="successRate" />
		<result column="remark" property="remark" />
		<result column="linkMan" property="linkMan" />
		<result column="linkManTel" property="linkManTel" />
		<result column="inputTime" property="inputTime" />
		<!-- 录入员 -->
		<association property="inputUser" javaType="employee">
			<id column="eid" property="id" />
			<result column="ename" property="username" />
		</association>
		<!-- 客户来源 -->
		<association property="customerSource" javaType="systemDictionaryItem">
			<id column="did" property="id" />
			<result column="dname" property="name" />
		</association>

	</resultMap>

	<!-- 获取潜在客户来源信息 -->
	<select id="findSystemDictionaryItemByParent" parameterType="string"
		resultType="systemDictionaryItem">
		select o.id,o.name
		from t_system_dictionary_item o
		JOIN
		t_system_dictionary d ON
		o.parent_id = d.id
		WHERE d.`name`=#{typeName}
	</select>

	<sql id="whereSql">
		<where>
			<!-- 所有的查询条件都要加上o. -->
			<!--简单查询 -->
			<if test="q!=null and q!=''">
				and (o.name like concat('%',#{q},'%') or
				o.linkMan like
				concat('%',#{q},'%') or
				o.linkManTel like concat('%',#{q},'%') or
				o.remark like concat('%',#{q},'%')
				)
			</if>
			<if test="beginTime!=null">
				and o.inputTime&gt;=#{beginTime}
			</if>
			<if test="endTime!=null">
				and o.inputTime&lt;=#{endTime}
			</if>
			<!-- 用于高级查询 -->
			<if test="name!=null and name!=''">
				and o.name=#{name}
			</if>
			<if test="customerSourceId!=null">
				and o.customerSource_id=#{customerSourceId}
			</if>
			<if test="inputUserId!=null">
				and o.inputUser_id=#{inputUserId}
			</if>
			<if test="successRate!=null">
				and o.successRate=#{successRate}
			</if>
			<if test="linkMan!=null and linkMan!=''">
				and o.linkMan=#{linkMan}
			</if>
			<if test="linkManTel!=null and linkManTel!=''">
				and o.linkManTel=#{linkManTel}
			</if>


		</where>
	</sql>


</mapper> 