<?xml version="1.0" encoding="UTF-8"?>
<!DOCTYPE mapper PUBLIC "-//mybatis.org//DTD Mapper 3.0//EN" 
"http://mybatis.org/dtd/mybatis-3-mapper.dtd">


<mapper namespace="com.bug.crm.mapper.ResourceMapper">
	<insert id="save" parameterType="resource" useGeneratedKeys="true"
		keyProperty="id">
		insert into t_resource(name,url)
		values(#{name},#{url})
	</insert>

	<update id="update" parameterType="resource">
		update t_resource set
		name=#{name},url=#{url} where id=#{id}
	</update>

	<delete id="delete" parameterType="long">
		delete from t_resource where
		id =
		#{id}
	</delete>

	<select id="get" parameterType="long" resultType="resource">
		select
		* from
		t_resource where id=#{id}
	</select>

	<select id="getAll" resultType="resource">
		select * from
		t_resource
	</select>
	
	<!-- 查询一分为二,count查询和limit查询 -->
	<select id="findTotalByQuery" resultType="int" parameterType="ResourceQuery">
		select count(*) from t_resource
	</select>

	<select id="findLimitByQuery" resultType="SystemLog"
		parameterType="ResourceQuery">
		select *
		from t_resource
		limit
		#{begin},#{end}
	</select>
</mapper> 