<?xml version="1.0" encoding="UTF-8"?>
<!DOCTYPE mapper PUBLIC "-//mybatis.org//DTD Mapper 3.0//EN" 
"http://mybatis.org/dtd/mybatis-3-mapper.dtd">


<mapper namespace="com.bug.crm.mapper.RoleMapper">
	<insert id="save" parameterType="role" useGeneratedKeys="true"
		keyProperty="id">
		insert into t_role(name,sn)
		values(#{name},#{sn})
	</insert>

	<update id="update" parameterType="role">
		update t_role set
		name=#{name},sn=#{sn} where id=#{id}
	</update>

	<delete id="delete" parameterType="long">
		delete from t_role where
		id =
		#{id}
	</delete>

	<select id="get" parameterType="long" resultType="role">
		select
		* from
		t_role where id=#{id}
	</select>

	<select id="getAll" resultType="role">
		select * from
		t_role
	</select>

	<!-- 查询一分为二,count查询和limit查询 -->
	<select id="findTotalByQuery" resultType="int" parameterType="RoleQuery">
		select count(*) from t_role
	</select>

	<select id="findLimitByQuery" resultMap="roleResultMap"
		parameterType="RoleQuery">
		select o.id,o.sn,o.name
		from t_role o
		<include refid="whereSql" />
		limit
		#{begin},#{end}
	</select>
	<resultMap type="Role" id="roleResultMap">
		<!-- 先处理一方Role -->
		<id property="id" column="id" />
		<result property="sn" column="sn" />
		<result property="name" column="name" />
		<!-- 再处理多方permission -->
		<collection property="permissions" column="id"
			select="com.bug.crm.mapper.PermissionMapper.findByRoleId" />
	</resultMap>

	<!-- mybatis实现级联保存需要自己手动写SQL -->
	<!-- void saveRolePermission(List<Map<String, Long>> permissionMap); -->
	<insert id="saveRolePermission" parameterType="list">
		insert into t_role_permission(role_id,permission_id) values
		<!-- item就是循环语句里面的变量 -->
		<!-- separator形成里面的()和()之间的 -->
		<foreach collection="list" item="map" separator=",">
			<!-- map.put("roleId", getId()); -->
			<!-- map.put("permissionId", permission.getId()); -->
			(#{map.roleId},#{map.permissionId})
		</foreach>
	</insert>
	
	<!-- 额外添加的查询，由EmployeeMapper.xml调用,用来查询员工拥有的角色 -->
	<select id="findRoleById" parameterType="long" resultType="Role">
		select r.id,r.sn,r.name
		from t_role r
		left join
		t_employee_role er on er.role_id=r.id
		left join t_employee e on
		e.id=er.employee_id
		where e.id=#{id}
	</select>

	<!-- 公共查询条件 -->
	<sql id="whereSql">
		<where>
			<if test="q!=null and q!=''">
				and (o.name like concat('%',#{q},'%'))
			</if>
		</where>
	</sql>
</mapper> 