<?xml version="1.0" encoding="UTF-8"?>
<!DOCTYPE mapper PUBLIC "-//mybatis.org//DTD Mapper 3.0//EN" 
"http://mybatis.org/dtd/mybatis-3-mapper.dtd">


<mapper namespace="com.bug.crm.mapper.SystemLogMapper">
	<insert id="save" parameterType="systemLog" useGeneratedKeys="true"
		keyProperty="id">
		insert into
		t_system_log(opUser,opTime,opIp,function,params)
		values(#{opUser},#{opTime},#{opIp},#{function},#{params})
	</insert>

	<update id="update" parameterType="systemLog">
		update t_system_log set
		opUser=#{opUser},opTime=#{opTime},opIp=#{opIp},function=#{function},params=#{params}
		where id=#{id}
	</update>

	<delete id="delete" parameterType="long">
		delete from t_system_log where
		id =
		#{id}
	</delete>

	<select id="get" parameterType="long" resultType="systemLog">
		select
		* from
		t_system_log where id=#{id}
	</select>

	<select id="getAll" resultType="systemLog">
		select * from
		t_system_log
	</select>

	<!-- 查询一分为二,count查询和limit查询 -->
	<select id="findTotalByQuery" resultType="int" parameterType="SystemLogQuery">
		select count(*) from t_system_log
	</select>

	<select id="findLimitByQuery" resultType="SystemLog"
		parameterType="SystemLogQuery">
		select *
		from t_system_log
		<include refid="whereSql" />
		limit
		#{begin},#{end}
	</select>


	<!-- 公共查询条件 -->
	<sql id="whereSql">
		<where>
			<if test="q!=null and q!=''">
				and (o.name like concat('%',#{q},'%'))
			</if>
		</where>
	</sql>
</mapper> 