<?xml version="1.0" encoding="UTF-8"?>
<!DOCTYPE mapper PUBLIC "-//mybatis.org//DTD Mapper 3.0//EN" 
"http://mybatis.org/dtd/mybatis-3-mapper.dtd">


<mapper namespace="com.bug.crm.mapper.SystemDictionaryItemMapper">
	<cache />
	<insert id="save" parameterType="systemDictionaryItem"
		useGeneratedKeys="true" keyProperty="id">
		insert into
		t_system_dictionary_item(name,requence,intro，parent_id)
		values(#{name},#{requence},#{intro},#{parent.id})
	</insert>

	<update id="update" parameterType="systemDictionaryItem">
		update
		t_system_dictionary_item set
		name=#{name},requence=#{requence},intro=#{intro},parent_id=#{parent.id}
		where id=#{id}
	</update>

	<delete id="delete" parameterType="long">
		delete from
		t_system_dictionary_item where
		id =
		#{id}
	</delete>

	<select id="get" parameterType="long" resultType="systemDictionaryItem">
		select
		* from
		t_system_dictionary_item where id=#{id}
	</select>

	<select id="getAll" resultType="systemDictionaryItem">
		select * from
		t_system_dictionary_item
	</select>

	<!-- 配置关联表数据 -->
	<resultMap type="SystemDictionaryItem" id="systemDictionaryItemResultMap">
		<!-- 配置当前类的简单属性 -->
		<id property="id" column="id" />
		<result property="name" column="name" />
		<result property="requence" column="requence" />
		<result property="intro" column="intro" />
		<!-- 配置关联属性 -->
		<association property="parent" javaType="SystemDictionary"
			column="parent_id">
			<id property="id" column="parent_id" />
			<result property="name" column="tname" />
		</association>
	</resultMap>


	<!-- 查询一分为二,count查询和limit查询 -->
	<select id="findTotalByQuery" resultType="int" parameterType="RoleQuery">
		select count(*) from t_system_dictionary_item
	</select>

	<select id="findLimitByQuery" resultMap="systemDictionaryItemResultMap"
		parameterType="SystemDictionaryItemQuery">
		select o.id,o.name,o.requence,o.intro,o.parent_id parent_id,t.name
		tname
		from t_system_dictionary_item o
		left join
		t_system_dictionary_item
		t
		on o.parent_id=t.id
		<include refid="whereSql" />
		limit #{begin},#{end}
	</select>

	<!-- 公共查询条件 -->
	<sql id="whereSql">
		<where>
			<if test="q!=null and q!=''">
				and (o.name like concat('%',#{q},'%'))
			</if>
			<if test="parentId!=null">
				and o.parent_id=#{parentId}
			</if>
		</where>
	</sql>
</mapper> 