<?xml version="1.0" encoding="UTF-8"?>
<!DOCTYPE mapper PUBLIC "-//mybatis.org//DTD Mapper 3.0//EN" 
"http://mybatis.org/dtd/mybatis-3-mapper.dtd">


<mapper namespace="com.bug.crm.mapper.SystemDictionaryMapper">
	<cache/>
	<insert id="save" parameterType="systemDictionary"
		useGeneratedKeys="true" keyProperty="id">
		insert into
		t_system_dictionary(name,sn,intro,state)
		values(#{name},#{sn},#{intro},#{state})
	</insert>

	<update id="update" parameterType="systemDictionary">
		update t_system_dictionary set
		name=#{name},sn=#{sn},intro=#{intro},state=#{state}
		where id=#{id}
	</update>

	<delete id="delete" parameterType="long">
		delete from
		t_system_dictionary where
		id =
		#{id}
	</delete>

	<select id="get" parameterType="long" resultType="systemDictionary">
		select
		* from
		t_system_dictionary where id=#{id}
	</select>

	<select id="getAll" resultType="systemDictionary">
		select * from
		t_system_dictionary
	</select>

	<!-- 查询一分为二,count查询和limit查询 -->
	<select id="findTotalByQuery" resultType="int" parameterType="SystemDictionaryQuery">
		select count(*) from t_system_dictionary
	</select>

	<select id="findLimitByQuery" resultType="SystemDictionary"
		parameterType="SystemDictionaryQuery">
		select *
		from t_system_dictionary
		<include refid="whereSql" />
		limit
		#{begin},#{end}
	</select>

	<!-- 公共查询条件 -->
	<sql id="whereSql">
		<where>
			<if test="q!=null and q!=''">
				and (name like concat('%',#{q},'%'))
			</if>

		</where>
	</sql>
</mapper> 