<?xml version="1.0" encoding="UTF-8"?>
<!DOCTYPE mapper PUBLIC "-//mybatis.org//DTD Mapper 3.0//EN" 
"http://mybatis.org/dtd/mybatis-3-mapper.dtd">


<mapper namespace="com.bug.crm.mapper.SystemMenuMapper">
	<insert id="save" parameterType="systemMenu" useGeneratedKeys="true"
		keyProperty="id">
		insert into t_system_menu(name,sn,icon,url,intro)
		values(#{name},#{sn},#{iconCls},#{url},#{intro})
	</insert>

	<update id="update" parameterType="systemMenu">
		update t_system_menu set
		name=#{name},sn=#{sn},icon=#{iconCls},url=#{url},intro=#{intro}
		where
		id=#{id}
	</update>

	<delete id="delete" parameterType="long">
		delete from t_system_menu
		where
		id =
		#{id}
	</delete>

	<select id="get" parameterType="long" resultType="systemMenu">
		select
		* from
		t_system_menu where id=#{id}
	</select>

	<select id="getAll" resultType="systemMenu">
		select * from
		t_system_menu
	</select>

	<!-- 查询一分为二,count查询和limit查询 -->
	<select id="findTotalByQuery" resultType="int" parameterType="SystemMenuQuery">
		select count(*) from t_system_menu
	</select>

	<select id="findLimitByQuery" resultMap="systemMenuResultMap"
		parameterType="SystemMenuQuery">
		select o.id,o.sn,o.name,o.icon,o.url,o.intro,p.name
		pname,p.id pid
		from t_system_menu o
		left join t_system_menu p on o.parent_id=p.id
		limit
		#{begin},#{end}
	</select>
	<resultMap type="SystemMenu" id="systemMenuResultMap">
		<!-- 先处理多方 菜单 -->
		<id property="id" column="id" />
		<result property="sn" column="sn" />
		<result property="name" column="name" />
		<result property="iconCls" column="icon" />
		<result property="url" column="url" />
		<result property="intro" column="intro" />
		<!-- 后处理一方 父菜单-->
		<association property="parent" javaType="SystemMenu">
			<id property="id" column="pid" />
			<result property="name" column="pname" />
		</association>
	</resultMap>
</mapper> 