<?xml version="1.0" encoding="UTF-8"?>
<!DOCTYPE mapper PUBLIC "-//mybatis.org//DTD Mapper 3.0//EN" 
"http://mybatis.org/dtd/mybatis-3-mapper.dtd">


<mapper namespace="com.bug.crm.mapper.WarrantyBillItemMapper">
	<insert id="save" parameterType="WarrantyBillItem" useGeneratedKeys="true"
		keyProperty="id">
		insert into t_warranty_bill_item(warrantyDetail,warrantyTime,solve,bill_id)
		values(#{warrantyDetail},#{warrantyTime},#{solve},#{bill.id})
	</insert>

	<update id="update" parameterType="WarrantyBillItem">
		update t_warranty_bill_item set
		warrantyDetail=#{warrantyDetail},warrantyTime=#{warrantyTime},solve=#{solve},bill_id=#{bill.id} where id=#{id}
	</update>

	<delete id="delete" parameterType="long">
		delete from t_warranty_bill_item where
		id =
		#{id}
	</delete>

	<select id="get" parameterType="long" resultType="WarrantyBillItem">
		select
		* from
		t_warranty_bill_item where id=#{id}
	</select>

	<select id="getAll" resultType="WarrantyBillItem">
		select * from
		t_warranty_bill_item
	</select>
	
	<delete id="deleteAll" parameterType="long">
		delete from t_warranty_bill_item where
		id in
		<foreach collection="array" index="index" open="(" item="ids"
			separator="," close=")">
			${ids}
		</foreach>         <!--拼接出(1,2)效果 -->
	</delete>
	
	<!-- 查询一分为二,count查询和limit查询 -->
	<!-- count查询 -->
	<select id="findTotalByQuery" resultType="int" parameterType="WarrantyBillItemQuery">
		select count(o.id) from t_warranty_bill_item o
	</select>

	<!-- limit查询 -->
	<select id="findLimitByQuery" resultMap="warrantyBillItemResultMap"
		parameterType="WarrantyBillItemQuery">
		select o.id,o.warrantyTime,o.warrantyDetail,o.solve,c.id cid
		from
		t_warranty_bill_item o
		LEFT JOIN t_warranty_bill c on o.bill_id=c.id
		<include refid="whereSql" />
		order by ${sort} ${order}
		limit
		#{begin},#{end}
	</select>

	<!-- 查询结果:复杂对象 -->
	<resultMap type="WarrantyBillItem" id="warrantyBillItemResultMap">
		<!-- 先处理多方合同明细 -->
		<id property="id" column="id" />
		<result property="warrantyTime" column="warrantyTime" />
		<result property="warrantyDetail" column="warrantyDetail" />
		<result property="solve" column="solve" />
		<!-- 后处理一方 合同 -->
		<association property="bill" javaType="WarrantyBill">
			<id property="id" column="cid" />
		</association>
	</resultMap>
	
	<sql id="whereSql">
		<where>
			<if test="q!=null and q!=''">
				and (o.sn like concat('%',#{q},'%'))
			</if>
			<if test="billId!=null">
				and o.bill_id=#{billId}
			</if>
		</where>
	</sql>
</mapper> 