[{
	"id":1,
	"text":"组织机构",
	"children":[{
		"id":13,
		"text":"部门管理",
		"url":"/department/list"
	},{
		"id":14,
		"text":"员工管理",
		"url":"/employee/list"
	}]
},{
	"id":1,
	"text":"系统管理",
	"children":[{
		"id":13,
		"text":"角色管理",
		"url":"/role/list"
	},{
		"id":13,
		"text":"权限管理",
		"url":"/permission/list"
	},{
		"id":14,
		"text":"菜单管理",
		"url":"/systemMenu/list"
	},{
		"id":14,
		"text":"数据字典&数据字典明细",
		"url":"/systemDictionary/list"
	}]
},{
	"id":1,
	"text":"客户关系管理",
	"children":[{
		"id":13,
		"text":"潜在客户管理",
		"url":"/potentialCustomer/list"
	},{
		"id":13,
		"text":"潜在客户发展计划",
		"url":"/customerDevPlan/list"
	},{
		"id":14,
		"text":"客户管理",
		"url":"/customer/list"
	},{
		"id":14,
		"text":"客户跟进历史",
		"url":"/customerTraceHistory/list"
	
	},{
		"id":14,
		"text":"客户移交记录",
		"url":"/cutomerTransfer/list"
	
	},{
		"id":14,
		"text":"客户资源池",
		"url":"/customer/list2"
	}]
},{
	"id":1,
	"text":"合同管理",
	"children":[{
		"id":13,
		"text":"订单管理",
		"url":"/orderBill/list"
	},{
		"id":14,
		"text":"合同管理",
		"url":"/contract/list"
	},{
		"id":14,
		"text":"保修管理",
		"url":"/warrantyBill/list"
	}]
}

]
